Date;Views
01.01.2024;967
02.01.2024;1674
03.01.2024;1367
04.01.2024;1313
05.01.2024;1128
06.01.2024;1172
07.01.2024;1256
08.01.2024;1618
09.01.2024;1223
10.01.2024;1094
11.01.2024;1103
12.01.2024;1496
13.01.2024;1016
14.01.2024;1003
15.01.2024;1374
16.01.2024;2025
17.01.2024;1518
18.01.2024;1315
19.01.2024;1570
20.01.2024;1000
21.01.2024;1095
22.01.2024;1584
23.01.2024;1560
24.01.2024;1383
25.01.2024;1483
26.01.2024;983
27.01.2024;802
28.01.2024;797
29.01.2024;1540
30.01.2024;1401
31.01.2024;1090
01.02.2024;1011
02.02.2024;867
03.02.2024;670
04.02.2024;864
05.02.2024;1544
06.02.2024;1510
07.02.2024;1251
08.02.2024;1152
09.02.2024;1114
10.02.2024;851
11.02.2024;1059
12.02.2024;1163
13.02.2024;982
14.02.2024;844
15.02.2024;882
16.02.2024;738
17.02.2024;658
18.02.2024;718
19.02.2024;1661
20.02.2024;1443
21.02.2024;1100
22.02.2024;1167
23.02.2024;814
24.02.2024;736
25.02.2024;731
26.02.2024;1549
27.02.2024;1487
28.02.2024;1540
29.02.2024;1629
01.03.2024;1020
02.03.2024;787
03.03.2024;698
04.03.2024;970
05.03.2024;1169
06.03.2024;1037
07.03.2024;838
08.03.2024;659
09.03.2024;630
10.03.2024;1219
11.03.2024;1265
12.03.2024;1145
13.03.2024;985
14.03.2024;950
15.03.2024;771
16.03.2024;808
17.03.2024;806
18.03.2024;1384
19.03.2024;1468
20.03.2024;1045
21.03.2024;1122
22.03.2024;884
23.03.2024;640
24.03.2024;831
25.03.2024;1126
26.03.2024;798
27.03.2024;694
28.03.2024;648
29.03.2024;470
30.03.2024;359
31.03.2024;367
01.04.2024;756
02.04.2024;1012
03.04.2024;934
04.04.2024;801
05.04.2024;672
06.04.2024;605
07.04.2024;625
08.04.2024;1369
09.04.2024;1217
10.04.2024;966
11.04.2024;793
12.04.2024;699
13.04.2024;641
14.04.2024;719
15.04.2024;1606
16.04.2024;1995
17.04.2024;1115
18.04.2024;1494
19.04.2024;667
20.04.2024;570
21.04.2024;750
22.04.2024;1504
23.04.2024;1483
24.04.2024;922
25.04.2024;829
26.04.2024;636
27.04.2024;378
28.04.2024;709
29.04.2024;739
30.04.2024;509
01.05.2024;510
02.05.2024;589
03.05.2024;420
04.05.2024;564
05.05.2024;759
06.05.2024;1395
07.05.2024;1915
08.05.2024;1589
09.05.2024;919
10.05.2024;648
11.05.2024;490
12.05.2024;767
13.05.2024;1073
14.05.2024;889
15.05.2024;973
16.05.2024;933
17.05.2024;710
18.05.2024;459
19.05.2024;894
20.05.2024;2268
21.05.2024;3282
22.05.2024;1865
23.05.2024;1264
24.05.2024;1032
25.05.2024;717
26.05.2024;904
27.05.2024;1434
28.05.2024;1230
29.05.2024;858
30.05.2024;774
31.05.2024;939
